BFS_NR_GEMEINDE,GEMEINDE_NAME,Jahr,Gesamtsteuerfuss_evang,Gesamtsteuerfuss_kath,Gesamtsteuerfuss_JP
4711,Affeltrangen,2023,277,275,276.1
4641,Altnau,2023,273,266,270.0
4881,Amlikon-Bissegg,2023,286,290,287.3
4716,Bettwiesen,2023,264,263,263.3
4721,Bichelsee-Balterswil,2023,284,283,283.4
4901,Birwinken,2023,288,285,287.2
4471,Bischofszell,2023,295,291,292.8
4643,Bottighofen,2023,210,215,212.1
4911,Bürglen,2023,292,288,290.1
4545,Diessenhofen,2023,271,269,270.0
4646,Ermatingen,2023,230,230,230.0
4561,Felben-Wellhausen,2023,266,264,265.1
4651,Gottlieben,2023,264,255,259.8
4656,Güttingen,2023,278,265,272.6
4416,Hefenhofen,2023,290,291,290.4
4495,Hohentannen,2023,277,273,275.4
4421,Horn,2023,230,226,227.5
4666,Kemmental,2023,282,275,279.7
4671,Kreuzlingen,2023,257,256,256.4
4681,Langrickenbach,2023,279,272,276.6
4683,Lengwil,2023,265,257,261.8
4826,Mammern,2023,257,254,255.6
4746,Münchwilen,2023,283,280,281.2
4691,Münsterlingen,2023,235,240,237.4
4841,Pfyn,2023,290,290,290.0
4431,Roggwil,2023,271,271,271.0
4851,Salenstein,2023,239,239,239.0
4546,Schlatt,2023,273,265,271.0
4756,Schönholzerswilen,2023,290,282,286.7
4606,Stettfurt,2023,275,271,273.5
4776,Tobel-Tägerschen,2023,282,280,280.7
4621,Warth-Weiningen,2023,213,209,211.4
4951,Wigoltingen,2023,292,287,290.1
4551,Aadorf,2023,279,279,279.0
4536,Basadingen-Schlattingen,2023,280,270,276.4
4801,Berlingen,2023,262,257,260.3
4921,Bussnang,2023,262,266,263.5
4411,Egnach,2023,279,279,279.0
4726,Fischingen,2023,291,291,291.0
4566,Frauenfeld,2023,269,269,269.0
4571,Gachnang,2023,256,257,256.3
4486,Hauptwil-Gottshaus,2023,282,278,279.8
4811,Herdern,2023,274,270,272.2
4816,Homburg,2023,278,285,281.1
4590,Hüttlingen,2023,294,284,291.6
4821,Hüttwilen,2023,266,262,264.7
4426,Kesswil,2023,257,248,253.4
4501,Kradolf-Schönenberg,2023,282,278,280.3
4591,Matzingen,2023,286,279,282.4
4601,Neunforn,2023,248,244,247.2
4846,Raperswilen,2023,293,296,293.6
4436,Romanshorn,2023,295,292,293.3
4441,Salmsach,2023,288,285,286.4
4446,Sommeri,2023,279,280,279.5
4864,Steckborn,2023,251,249,250.0
4611,Thundorf,2023,289,277,285.8
4616,Uesslingen-Buch,2023,272,262,268.8
4451,Uttwil,2023,243,248,245.1
4701,Wäldi,2023,289,277,285.2
4781,Wängi,2023,276,270,272.8
4786,Wilen,2023,269,268,268.3
4791,Wuppenau,2023,285,284,284.3
4511,Zihlschlacht-Sitterdorf,2023,290,288,289.1
4461,Amriswil,2023,287,284,285.4
4401,Arbon,2023,306,304,304.8
4891,Berg,2023,267,270,268.0
4723,Braunau,2023,278,276,277.0
4406,Dozwil,2023,254,254,254.0
4476,Erlen,2023,282,278,280.2
4806,Eschenz,2023,268,272,269.9
4724,Eschlikon,2023,273,270,271.5
4741,Lommis,2023,275,268,271.3
4941,Märstetten,2023,285,277,282.0
4831,Müllheim,2023,268,269,268.3
4751,Rickenbach,2023,275,274,274.2
4761,Sirnach,2023,272,268,269.3
4506,Sulgen,2023,277,273,275.1
4696,Tägerwilen,2023,250,241,246.0
4871,Wagenhausen,2023,277,281,278.0
4946,Weinfelden,2023,261,263,261.8
4891,Berg,2022,267,270,268.0
4716,Bettwiesen,2022,264,263,263.3
4471,Bischofszell,2022,297,293,294.8
4911,Bürglen,2022,292,288,290.1
4411,Egnach,2022,279,279,279.0
4476,Erlen,2022,272,268,270.2
4726,Fischingen,2022,295,295,295.0
4571,Gachnang,2022,261,262,261.3
4811,Herdern,2022,273,271,272.1
4816,Homburg,2022,290,293,291.3
4426,Kesswil,2022,258,249,254.4
4501,Kradolf-Schönenberg,2022,282,278,280.3
4681,Langrickenbach,2022,281,274,278.6
4683,Lengwil,2022,270,260,266.0
4826,Mammern,2022,253,250,251.6
4831,Müllheim,2022,268,269,268.3
4841,Pfyn,2022,290,290,290.0
4431,Roggwil,2022,271,271,271.0
4436,Romanshorn,2022,297,294,295.3
4441,Salmsach,2022,288,285,286.4
4546,Schlatt,2022,273,265,271.0
4756,Schönholzerswilen,2022,290,286,288.3
4761,Sirnach,2022,275,272,273.0
4606,Stettfurt,2022,275,271,273.5
4451,Uttwil,2022,244,249,246.1
4701,Wäldi,2022,289,277,285.2
4946,Weinfelden,2022,263,265,263.8
4711,Affeltrangen,2022,277,275,276.1
4641,Altnau,2022,277,270,274.0
4461,Amriswil,2022,287,284,285.4
4401,Arbon,2022,306,304,304.8
4643,Bottighofen,2022,212,217,214.1
4723,Braunau,2022,278,276,277.0
4545,Diessenhofen,2022,271,269,270.0
4646,Ermatingen,2022,235,235,235.0
4806,Eschenz,2022,268,272,269.9
4651,Gottlieben,2022,270,262,266.3
4656,Güttingen,2022,280,267,274.6
4416,Hefenhofen,2022,290,291,290.4
4666,Kemmental,2022,282,276,280.0
4591,Matzingen,2022,286,279,282.4
4691,Münsterlingen,2022,237,242,239.4
4751,Rickenbach,2022,275,274,274.2
4851,Salenstein,2022,242,242,242.0
4864,Steckborn,2022,261,259,260.0
4506,Sulgen,2022,277,273,275.1
4611,Thundorf,2022,289,277,285.8
4776,Tobel-Tägerschen,2022,277,275,275.7
4616,Uesslingen-Buch,2022,275,265,271.8
4871,Wagenhausen,2022,272,276,273.0
4786,Wilen,2022,269,268,268.3
4551,Aadorf,2022,273,273,273.0
4881,Amlikon-Bissegg,2022,293,294,293.3
4536,Basadingen-Schlattingen,2022,282,272,278.4
4801,Berlingen,2022,267,262,265.3
4721,Bichelsee-Balterswil,2022,284,283,283.4
4901,Birwinken,2022,290,285,288.7
4921,Bussnang,2022,262,263,262.3
4406,Dozwil,2022,255,255,255.0
4724,Eschlikon,2022,275,273,274.0
4561,Felben-Wellhausen,2022,268,266,267.1
4566,Frauenfeld,2022,269,269,269.0
4486,Hauptwil-Gottshaus,2022,282,278,279.8
4495,Hohentannen,2022,277,273,275.4
4421,Horn,2022,240,236,237.5
4590,Hüttlingen,2022,296,286,293.6
4821,Hüttwilen,2022,265,263,264.3
4671,Kreuzlingen,2022,262,262,262.0
4741,Lommis,2022,275,268,271.3
4941,Märstetten,2022,283,275,280.0
4746,Münchwilen,2022,285,283,283.8
4601,Neunforn,2022,248,244,247.2
4846,Raperswilen,2022,299,302,299.6
4446,Sommeri,2022,279,280,279.5
4696,Tägerwilen,2022,253,245,249.4
4781,Wängi,2022,276,270,272.8
4621,Warth-Weiningen,2022,222,218,220.4
4951,Wigoltingen,2022,295,290,293.1
4791,Wuppenau,2022,287,286,286.3
4511,Zihlschlacht-Sitterdorf,2022,290,288,289.1
4461,Amriswil,2021,297,294,295.4
4401,Arbon,2021,320,318,318.8
4536,Basadingen-Schlattingen,2021,294,284,290.4
4801,Berlingen,2021,281,278,280.0
4721,Bichelsee-Balterswil,2021,289,289,289.0
4901,Birwinken,2021,301,293,298.9
4471,Bischofszell,2021,305,301,302.8
4643,Bottighofen,2021,227,234,230.0
4723,Braunau,2021,286,284,285.0
4911,Bürglen,2021,312,308,310.1
4545,Diessenhofen,2021,283,281,282.0
4411,Egnach,2021,289,289,289.0
4476,Erlen,2021,290,288,289.1
4646,Ermatingen,2021,242,242,242.0
4724,Eschlikon,2021,285,283,284.0
4561,Felben-Wellhausen,2021,280,278,279.1
4571,Gachnang,2021,270,272,270.7
4651,Gottlieben,2021,274,270,272.1
4656,Güttingen,2021,291,280,286.4
4486,Hauptwil-Gottshaus,2021,290,286,287.8
4811,Herdern,2021,284,282,283.1
4671,Kreuzlingen,2021,273,273,273.0
4681,Langrickenbach,2021,289,284,287.3
4826,Mammern,2021,267,264,265.6
4746,Münchwilen,2021,291,289,289.8
4431,Roggwil,2021,290,290,290.0
4546,Schlatt,2021,287,282,285.7
4756,Schönholzerswilen,2021,304,302,303.1
4446,Sommeri,2021,289,290,289.5
4864,Steckborn,2021,275,275,275.0
4871,Wagenhausen,2021,280,284,281.0
4621,Warth-Weiningen,2021,238,234,236.4
4951,Wigoltingen,2021,300,295,298.1
4786,Wilen,2021,272,271,271.3
4786,Wilen bei Wil,2021,272,271,271.3
4641,Altnau,2021,288,283,285.9
4881,Amlikon-Bissegg,2021,301,302,301.3
4716,Bettwiesen,2021,276,277,276.6
4406,Dozwil,2021,272,272,272.0
4566,Frauenfeld,2021,277,277,277.0
4416,Hefenhofen,2021,300,301,300.4
4495,Hohentannen,2021,290,288,289.2
4590,Hüttlingen,2021,304,294,301.6
4426,Kesswil,2021,278,271,275.2
4501,Kradolf-Schönenberg,2021,294,292,293.1
4683,Lengwil,2021,278,268,274.0
4831,Müllheim,2021,276,277,276.3
4691,Münsterlingen,2021,245,252,248.3
4841,Pfyn,2021,301,301,301.0
4441,Salmsach,2021,301,298,299.4
4761,Sirnach,2021,288,285,286.0
4776,Tobel-Tägerschen,2021,285,283,283.7
4451,Uttwil,2021,257,262,259.1
4701,Wäldi,2021,294,282,290.2
4791,Wuppenau,2021,302,301,301.3
4551,Aadorf,2021,281,281,281.0
4711,Affeltrangen,2021,285,283,284.1
4891,Berg,2021,275,278,276.0
4921,Bussnang,2021,270,271,270.3
4806,Eschenz,2021,276,280,277.9
4726,Fischingen,2021,308,308,308.0
4816,Homburg,2021,294,303,298.0
4816,Homburg,2021,300,305,302.2
4421,Horn,2021,248,246,246.7
4821,Hüttwilen,2021,278,276,277.3
4666,Kemmental,2021,294,288,292.0
4741,Lommis,2021,283,283,283.0
4941,Märstetten,2021,288,283,286.1
4591,Matzingen,2021,294,289,291.4
4601,Neunforn,2021,258,254,257.2
4846,Raperswilen,2021,304,309,305.0
4751,Rickenbach,2021,283,282,282.2
4436,Romanshorn,2021,305,302,303.3
4851,Salenstein,2021,250,250,250.0
4606,Stettfurt,2021,283,281,282.2
4506,Sulgen,2021,285,283,284.0
4696,Tägerwilen,2021,257,253,255.2
4611,Thundorf,2021,297,285,293.8
4616,Uesslingen-Buch,2021,286,276,282.8
4781,Wängi,2021,284,280,281.8
4946,Weinfelden,2021,274,276,274.8
4511,Zihlschlacht-Sitterdorf,2021,298,296,297.1
4551,Aadorf,2020,281,281,281.0
4641,Altnau,2020,285,283,284.1
4536,Basadingen-Schlattingen,2020,296,286,292.4
4921,Bussnang,2020,268,269,268.3
4406,Dozwil,2020,272,272,272.0
4476,Erlen,2020,294,292,293.1
4646,Ermatingen,2020,248,248,248.0
4726,Fischingen,2020,308,308,308.0
4416,Hefenhofen,2020,300,301,300.4
4811,Herdern,2020,289,287,288.1
4421,Horn,2020,250,246,247.5
4666,Kemmental,2020,294,288,292.0
4501,Kradolf-Schönenberg,2020,297,295,296.1
4591,Matzingen,2020,294,289,291.4
4746,Münchwilen,2020,291,289,289.8
4751,Rickenbach,2020,275,274,274.2
4756,Schönholzerswilen,2020,304,302,303.1
4864,Steckborn,2020,275,275,275.0
4606,Stettfurt,2020,283,281,282.2
4451,Uttwil,2020,257,262,259.1
4781,Wängi,2020,284,280,281.8
4951,Wigoltingen,2020,300,298,299.2
4511,Zihlschlacht-Sitterdorf,2020,298,296,297.1
4881,Amlikon-Bissegg,2020,301,302,301.3
4401,Arbon,2020,320,318,318.8
4891,Berg,2020,275,278,276.0
4801,Berlingen,2020,281,278,280.0
4721,Bichelsee-Balterswil,2020,289,289,289.0
4471,Bischofszell,2020,305,301,302.8
4723,Braunau,2020,296,288,292.2
4911,Bürglen,2020,312,308,310.1
4545,Diessenhofen,2020,283,281,282.0
4411,Egnach,2020,294,294,294.0
4806,Eschenz,2020,276,280,277.9
4724,Eschlikon,2020,285,283,284.0
4561,Felben-Wellhausen,2020,283,281,282.1
4566,Frauenfeld,2020,277,277,277.0
4651,Gottlieben,2020,274,270,272.1
4495,Hohentannen,2020,293,291,292.2
4671,Kreuzlingen,2020,273,273,273.0
4683,Lengwil,2020,281,271,277.0
4941,Märstetten,2020,288,285,286.9
4831,Müllheim,2020,280,284,281.5
4601,Neunforn,2020,258,254,257.2
4841,Pfyn,2020,305,305,305.0
4431,Roggwil,2020,294,294,294.0
4436,Romanshorn,2020,305,302,303.3
4761,Sirnach,2020,288,285,286.0
4446,Sommeri,2020,289,290,289.5
4506,Sulgen,2020,288,286,287.0
4611,Thundorf,2020,299,285,295.3
4776,Tobel-Tägerschen,2020,289,287,287.7
4621,Warth-Weiningen,2020,240,236,238.4
4791,Wuppenau,2020,302,301,301.3
4711,Affeltrangen,2020,287,285,286.1
4461,Amriswil,2020,297,294,295.4
4716,Bettwiesen,2020,280,281,280.6
4901,Birwinken,2020,304,296,301.9
4643,Bottighofen,2020,230,237,233.0
4571,Gachnang,2020,267,270,268.0
4656,Güttingen,2020,291,280,286.4
4486,Hauptwil-Gottshaus,2020,290,286,287.8
4816,Homburg,2020,297,306,301.0
4590,Hüttlingen,2020,308,301,306.3
4821,Hüttwilen,2020,278,276,277.3
4426,Kesswil,2020,278,271,275.2
4681,Langrickenbach Nord,2020,286,284,285.3
4741,Lommis,2020,287,287,287.0
4826,Mammern,2020,265,262,263.6
4691,Münsterlingen,2020,245,252,248.3
4846,Raperswilen,2020,304,309,305.0
4851,Salenstein,2020,245,245,245.0
4441,Salmsach,2020,306,303,304.4
4546,Schlatt,2020,287,282,285.7
4696,Tägerwilen,2020,257,253,255.2
4616,Uesslingen-Buch,2020,288,278,284.8
4871,Wagenhausen,2020,285,289,286.0
4701,Wäldi,2020,294,285,291.1
4946,Weinfelden,2020,274,278,275.7
4786,Wilen bei Wil,2020,272,271,271.3
4551,Aadorf,2019,285,285,285.0
4801,Berlingen,2019,283,280,282.0
4716,Bettwiesen,2019,293,293,293.0
4721,Bichelsee-Balterswil,2019,289,289,289.0
4901,Birwinken,2019,310,302,307.9
4723,Braunau,2019,299,291,295.2
4545,Diessenhofen,2019,279,281,279.9
4411,Egnach,2019,294,294,294.0
4561,Felben-Wellhausen,2019,283,281,282.1
4571,Gachnang,2019,267,270,268.0
4656,Güttingen,2019,294,283,289.4
4416,Hefenhofen,2019,303,304,303.4
4816,Homburg,2019,292,298,294.7
4421,Horn,2019,253,249,250.5
4590,Hüttlingen,2019,302,295,300.3
4426,Kesswil,2019,278,271,275.2
4501,Kradolf-Schönenberg,2019,297,295,296.1
4826,Mammern,2019,267,264,265.6
4941,Märstetten,2019,296,293,294.9
4691,Münsterlingen,2019,248,255,251.3
4436,Romanshorn,2019,305,302,303.3
4441,Salmsach,2019,309,306,307.4
4546,Schlatt,2019,287,282,285.7
4756,Schönholzerswilen,2019,309,308,308.5
4446,Sommeri,2019,292,293,292.5
4864,Steckborn,2019,278,275,276.5
4606,Stettfurt,2019,286,284,285.2
4506,Sulgen,2019,288,286,287.0
4621,Warth-Weiningen,2019,246,242,244.4
4946,Weinfelden,2019,274,278,275.7
4951,Wigoltingen,2019,307,305,306.2
4641,Altnau,2019,290,288,289.1
4881,Amlikon-Bissegg,2019,301,307,303.0
4461,Amriswil,2019,300,297,298.4
4536,Basadingen-Schlattingen,2019,296,286,292.4
4921,Bussnang,2019,268,274,270.2
4406,Dozwil,2019,272,272,272.0
4646,Ermatingen,2019,248,248,248.0
4806,Eschenz,2019,276,280,277.9
4724,Eschlikon,2019,285,283,284.0
4566,Frauenfeld,2019,277,277,277.0
4486,Hauptwil-Gottshaus,2019,290,286,287.8
4495,Hohentannen,2019,298,296,297.2
4683,Lengwil,2019,284,274,280.0
4741,Lommis,2019,294,294,294.0
4591,Matzingen,2019,298,293,295.4
4831,Müllheim,2019,280,284,281.5
4846,Raperswilen,2019,311,316,312.0
4751,Rickenbach,2019,283,282,282.2
4696,Tägerwilen,2019,261,257,259.2
4701,Wäldi,2019,301,292,298.1
4781,Wängi,2019,284,280,281.8
4786,Wilen bei Wil,2019,280,279,279.3
4511,Zihlschlacht-Sitterdorf,2019,288,286,287.1
4711,Affeltrangen,2019,296,293,294.6
4401,Arbon,2019,320,318,318.8
4891,Berg,2019,282,284,282.7
4471,Bischofszell,2019,305,301,302.8
4643,Bottighofen,2019,230,237,233.0
4911,Bürglen,2019,312,308,310.1
4476,Erlen,2019,300,295,297.8
4726,Fischingen,2019,310,310,310.0
4651,Gottlieben,2019,276,272,274.1
4811,Herdern,2019,295,293,294.1
4821,Hüttwilen,2019,284,282,283.3
4666,Kemmental,2019,294,288,292.0
4671,Kreuzlingen,2019,271,273,272.0
4681,Langrickenbach,2019,293,291,292.3
4746,Münchwilen,2019,293,291,291.8
4601,Neunforn,2019,256,252,255.2
4841,Pfyn,2019,308,308,308.0
4431,Roggwil,2019,294,294,294.0
4851,Salenstein,2019,245,245,245.0
4761,Sirnach,2019,288,285,286.0
4611,Thundorf,2019,299,285,295.3
4776,Tobel-Tägerschen,2019,298,295,296.1
4616,Uesslingen-Buch,2019,294,284,290.8
4451,Uttwil,2019,262,267,264.1
4871,Wagenhausen,2019,287,291,288.0
4791,Wuppenau,2019,307,306,306.3
4551,Aadorf,2018,285,285,285.0
4891,Berg,2018,285,287,285.6
4921,Bussnang,2018,271,277,273.1
4724,Eschlikon,2018,285,283,284.0
4561,Felben-Wellhausen,2018,287,285,286.2
4571,Gachnang,2018,269,272,270.0
4486,Hauptwil-Gottshaus,2018,290,286,287.7
4811,Herdern,2018,298,296,297.1
4501,Kradolf-Schönenberg,2018,297,297,297.0
4831,Müllheim,2018,284,288,285.5
4746,Münchwilen,2018,293,291,291.8
4601,Neunforn,2018,256,252,255.3
4431,Roggwil,2018,298,301,299.3
4436,Romanshorn,2018,305,302,303.4
4851,Salenstein,2018,245,245,245.0
4441,Salmsach,2018,309,306,307.4
4756,Schönholzerswilen,2018,309,308,308.6
4606,Stettfurt,2018,286,284,285.3
4611,Thundorf,2018,299,285,295.3
4776,Tobel-Tägerschen,2018,300,297,298.1
4621,Warth-Weiningen,2018,246,242,244.4
4786,Wilen bei Wil,2018,284,283,283.3
4791,Wuppenau,2018,307,306,306.3
4511,Zihlschlacht-Sitterdorf,2018,288,287,287.5
4641,Altnau,2018,292,290,291.2
4461,Amriswil,2018,302,301,301.4
4536,Basadingen-Schlattingen,2018,297,287,293.4
4801,Berlingen,2018,283,280,282.0
4471,Bischofszell,2018,305,301,302.8
4406,Dozwil,2018,273,273,273.0
4411,Egnach,2018,294,295,294.4
4476,Erlen,2018,300,297,298.7
4806,Eschenz,2018,276,280,277.8
4566,Frauenfeld,2018,279,279,279.0
4495,Hohentannen,2018,298,298,298.0
4421,Horn,2018,255,253,253.7
4590,Hüttlingen,2018,304,297,302.4
4821,Hüttwilen,2018,286,284,285.3
4666,Kemmental,2018,294,288,292.1
4426,Kesswil,2018,279,272,276.3
4683,Lengwil,2018,283,273,279.3
4826,Mammern,2018,269,266,267.5
4941,Märstetten,2018,296,293,294.9
4591,Matzingen,2018,298,293,295.7
4846,Raperswilen,2018,311,316,312.1
4751,Rickenbach,2018,283,282,282.2
4761,Sirnach,2018,288,285,286.0
4446,Sommeri,2018,294,295,294.5
4506,Sulgen,2018,288,288,288.0
4696,Tägerwilen,2018,264,260,262.3
4616,Uesslingen-Buch,2018,294,284,290.8
4451,Uttwil,2018,264,269,266.0
4781,Wängi,2018,286,282,283.9
4946,Weinfelden,2018,274,278,275.7
4951,Wigoltingen,2018,307,305,306.2
4711,Affeltrangen,2018,298,295,296.7
4881,Amlikon-Bissegg,2018,301,307,303.0
4401,Arbon,2018,320,321,320.5
4716,Bettwiesen,2018,298,298,298.0
4721,Bichelsee-Balterswil,2018,289,289,289.0
4901,Birwinken,2018,310,302,307.9
4643,Bottighofen,2018,231,238,233.8
4723,Braunau,2018,301,293,297.4
4911,Bürglen,2018,312,310,311.2
4545,Diessenhofen,2018,280,282,280.9
4646,Ermatingen,2018,248,248,248.0
4726,Fischingen,2018,312,310,310.7
4651,Gottlieben,2018,274,270,272.2
4656,Güttingen,2018,294,283,289.3
4416,Hefenhofen,2018,305,306,305.4
4816,Homburg,2018,297,302,299.2
4671,Kreuzlingen,2018,272,274,273.0
4681,Langrickenbach,2018,293,291,292.4
4741,Lommis,2018,296,296,296.0
4691,Münsterlingen,2018,248,255,251.4
4841,Pfyn,2018,308,308,308.0
4546,Schlatt,2018,288,283,286.8
4864,Steckborn,2018,281,278,279.5
4871,Wagenhausen,2018,282,286,283.0
4701,Wäldi,2018,304,295,301.4
4461,Amriswil,2017,302,301,301.4
4891,Berg,2017,285,287,285.6
4801,Berlingen,2017,285,282,284.0
4716,Bettwiesen,2017,296,296,296.0
4901,Birwinken,2017,315,307,312.9
4471,Bischofszell,2017,305,301,302.8
4723,Braunau,2017,301,293,297.4
4911,Bürglen,2017,312,310,311.2
4545,Diessenhofen,2017,280,282,280.9
4411,Egnach,2017,294,295,294.4
4646,Ermatingen,2017,244,244,244.0
4726,Fischingen,2017,312,310,310.7
4571,Gachnang,2017,269,272,270.0
4656,Güttingen,2017,294,286,290.6
4486,Hauptwil-Gottshaus,2017,295,291,292.7
4811,Herdern,2017,298,296,297.1
4495,Hohentannen,2017,291,290,290.6
4816,Homburg,2017,302,307,304.2
4590,Hüttlingen,2017,304,299,302.8
4821,Hüttwilen,2017,283,281,282.3
4671,Kreuzlingen,2017,272,274,273.0
4681,Langrickenbach,2017,299,295,297.8
4746,Münchwilen,2017,293,291,291.8
4691,Münsterlingen,2017,250,256,252.9
4846,Raperswilen,2017,317,322,318.1
4751,Rickenbach,2017,283,282,282.2
4441,Salmsach,2017,311,308,309.4
4756,Schönholzerswilen,2017,309,308,308.6
4446,Sommeri,2017,298,299,298.5
4506,Sulgen,2017,289,288,288.5
4616,Uesslingen-Buch,2017,294,284,290.8
4946,Weinfelden,2017,275,278,276.2
4551,Aadorf,2017,289,289,289.0
4711,Affeltrangen,2017,298,295,296.7
4401,Arbon,2017,320,321,320.5
4921,Bussnang,2017,271,277,273.1
4561,Felben-Wellhausen,2017,287,285,286.2
4566,Frauenfeld,2017,279,279,279.0
4416,Hefenhofen,2017,305,306,305.4
4421,Horn,2017,255,253,253.7
4426,Kesswil,2017,282,278,280.4
4501,Kradolf-Schönenberg,2017,298,297,297.6
4683,Lengwil,2017,282,275,279.4
4826,Mammern,2017,273,269,271.1
4591,Matzingen,2017,303,298,300.7
4601,Neunforn,2017,258,254,257.3
4436,Romanshorn,2017,305,302,303.4
4851,Salenstein,2017,241,241,241.0
4761,Sirnach,2017,288,285,286.0
4864,Steckborn,2017,288,285,286.5
4696,Tägerwilen,2017,264,260,262.3
4611,Thundorf,2017,304,290,300.3
4776,Tobel-Tägerschen,2017,300,297,298.1
4701,Wäldi,2017,304,297,302.0
4621,Warth-Weiningen,2017,256,250,253.7
4511,Zihlschlacht-Sitterdorf,2017,290,288,289.1
4641,Altnau,2017,295,291,293.4
4881,Amlikon-Bissegg,2017,301,307,303.0
4536,Basadingen-Schlattingen,2017,297,287,293.4
4721,Bichelsee-Balterswil,2017,289,289,289.0
4643,Bottighofen,2017,231,237,233.4
4406,Dozwil,2017,279,279,279.0
4476,Erlen,2017,300,297,298.7
4806,Eschenz,2017,276,281,278.3
4724,Eschlikon,2017,285,283,284.0
4651,Gottlieben,2017,269,265,267.2
4666,Kemmental,2017,297,291,295.1
4741,Lommis,2017,296,296,296.0
4941,Märstetten,2017,296,293,294.9
4831,Müllheim,2017,287,290,288.1
4841,Pfyn,2017,308,308,308.0
4431,Roggwil,2017,300,301,300.4
4546,Schlatt,2017,288,283,286.8
4606,Stettfurt,2017,286,284,285.3
4451,Uttwil,2017,265,270,267.0
4871,Wagenhausen,2017,282,287,283.2
4781,Wängi,2017,286,282,283.9
4951,Wigoltingen,2017,310,310,310.0
4786,Wilen,2017,286,285,285.3
4791,Wuppenau,2017,307,306,306.3
4641,Altnau,2016,295,291,293.4
4401,Arbon,2016,320,321,320.5
4801,Berlingen,2016,287,284,286.0
4721,Bichelsee-Balterswil,2016,291,292,291.5
4471,Bischofszell,2016,305,301,302.8
4723,Braunau,2016,298,292,295.3
4545,Diessenhofen,2016,280,282,280.9
4406,Dozwil,2016,281,284,282.1
4806,Eschenz,2016,276,281,278.3
4566,Frauenfeld,2016,279,279,279.0
4651,Gottlieben,2016,271,267,269.2
4656,Güttingen,2016,294,288,291.4
4486,Hauptwil-Gottshaus,2016,295,291,292.7
4426,Kesswil,2016,284,282,283.2
4671,Kreuzlingen,2016,272,274,273.0
4681,Langrickenbach,2016,299,295,297.8
4741,Lommis,2016,298,298,298.0
4826,Mammern,2016,275,271,273.1
4941,Märstetten,2016,298,295,296.9
4846,Raperswilen,2016,317,322,318.1
4436,Romanshorn,2016,305,302,303.4
4756,Schönholzerswilen,2016,309,309,309.0
4761,Sirnach,2016,288,285,286.0
4506,Sulgen,2016,291,292,291.4
4451,Uttwil,2016,266,271,268.0
4871,Wagenhausen,2016,282,287,283.2
4781,Wängi,2016,286,283,284.4
4946,Weinfelden,2016,282,285,283.2
4786,Wilen,2016,286,285,285.3
4511,Zihlschlacht-Sitterdorf,2016,290,288,289.1
4711,Affeltrangen,2016,295,294,294.5
4716,Bettwiesen,2016,290,288,288.7
4921,Bussnang,2016,271,277,273.1
4561,Felben-Wellhausen,2016,289,287,288.2
4726,Fischingen,2016,312,310,310.7
4571,Gachnang,2016,269,272,270.0
4416,Hefenhofen,2016,305,309,306.8
4816,Homburg,2016,304,309,306.2
4421,Horn,2016,255,253,253.7
4666,Kemmental,2016,297,291,295.1
4501,Kradolf-Schönenberg,2016,300,301,300.3
4683,Lengwil,2016,284,277,281.4
4746,Münchwilen,2016,293,291,291.8
4691,Münsterlingen,2016,250,256,252.9
4601,Neunforn,2016,253,249,252.3
4841,Pfyn,2016,308,309,308.3
4751,Rickenbach,2016,283,282,282.2
4431,Roggwil,2016,300,301,300.4
4851,Salenstein,2016,243,243,243.0
4446,Sommeri,2016,298,302,300.3
4864,Steckborn,2016,293,290,291.5
4611,Thundorf,2016,306,292,302.3
4616,Uesslingen-Buch,2016,299,289,295.8
4701,Wäldi,2016,304,297,302.0
4551,Aadorf,2016,289,289,289.0
4881,Amlikon-Bissegg,2016,303,309,305.0
4461,Amriswil,2016,302,303,302.5
4536,Basadingen-Schlattingen,2016,297,287,293.4
4891,Berg,2016,290,291,290.3
4901,Birwinken,2016,319,311,316.9
4643,Bottighofen,2016,231,237,233.4
4911,Bürglen,2016,312,312,312.0
4411,Egnach,2016,294,296,294.8
4476,Erlen,2016,300,299,299.5
4646,Ermatingen,2016,244,244,244.0
4724,Eschlikon,2016,285,283,284.0
4811,Herdern,2016,298,296,297.1
4495,Hohentannen,2016,298,299,298.3
4590,Hüttlingen,2016,304,299,302.8
4821,Hüttwilen,2016,283,281,282.3
4591,Matzingen,2016,307,303,305.1
4831,Müllheim,2016,287,290,288.1
4441,Salmsach,2016,311,308,309.4
4546,Schlatt,2016,288,283,286.8
4606,Stettfurt,2016,288,287,287.6
4696,Tägerwilen,2016,266,262,264.3
4776,Tobel-Tägerschen,2016,297,296,296.3
4621,Warth-Weiningen,2016,256,250,253.7
4951,Wigoltingen,2016,310,310,310.0
4791,Wuppenau,2016,307,306,306.3
4711,Affeltrangen,2015,292,291,291.5
4641,Altnau,2015,296,290,293.6
4881,Amlikon-Bissegg,2015,303,309,305.0
4461,Amriswil,2015,302,303,302.5
4536,Basadingen-Schlattingen,2015,292,282,288.4
4891,Berg,2015,290,291,290.3
4901,Birwinken,2015,319,311,316.9
4406,Dozwil,2015,281,284,282.1
4411,Egnach,2015,294,296,294.8
4476,Erlen,2015,304,299,301.9
4571,Gachnang,2015,270,272,270.6
4416,Hefenhofen,2015,305,309,306.8
4495,Hohentannen,2015,306,307,306.3
4666,Kemmental,2015,297,292,295.4
4741,Lommis,2015,295,298,296.5
4826,Mammern,2015,275,271,273.1
4941,Märstetten,2015,302,299,300.9
4831,Müllheim,2015,293,293,293.0
4751,Rickenbach,2015,283,284,283.7
4436,Romanshorn,2015,305,303,303.9
4606,Stettfurt,2015,294,291,292.9
4696,Tägerwilen,2015,270,267,268.7
4611,Thundorf,2015,306,292,302.3
4871,Wagenhausen,2015,288,293,289.2
4801,Berlingen,2015,287,284,286.0
4721,Bichelsee-Balterswil,2015,291,292,291.5
4471,Bischofszell,2015,305,301,302.8
4643,Bottighofen,2015,232,238,234.4
4723,Braunau,2015,295,289,292.3
4545,Diessenhofen,2015,280,282,280.9
4806,Eschenz,2015,276,281,278.3
4561,Felben-Wellhausen,2015,293,291,292.2
4726,Fischingen,2015,312,310,310.7
4566,Frauenfeld,2015,279,279,279.0
4486,Hauptwil-Gottshaus,2015,295,291,292.7
4811,Herdern,2015,298,296,297.1
4816,Homburg,2015,304,309,306.2
4421,Horn,2015,255,253,253.7
4590,Hüttlingen,2015,304,299,302.8
4671,Kreuzlingen,2015,280,282,281.1
4681,Langrickenbach,2015,303,297,301.2
4746,Münchwilen,2015,293,289,290.7
4601,Neunforn,2015,257,249,255.6
4431,Roggwil,2015,293,294,293.4
4851,Salenstein,2015,243,243,243.0
4446,Sommeri,2015,298,302,300.3
4506,Sulgen,2015,291,292,291.4
4776,Tobel-Tägerschen,2015,294,293,293.3
4616,Uesslingen-Buch,2015,299,289,295.8
4701,Wäldi,2015,304,297,302.0
4946,Weinfelden,2015,282,285,283.2
4951,Wigoltingen,2015,310,310,310.0
4791,Wuppenau,2015,307,306,306.3
4551,Aadorf,2015,289,289,289.0
4401,Arbon,2015,316,317,316.5
4716,Bettwiesen,2015,282,280,280.7
4911,Bürglen,2015,312,312,312.0
4921,Bussnang,2015,271,277,273.1
4646,Ermatingen,2015,244,244,244.0
4724,Eschlikon,2015,289,285,287.0
4651,Gottlieben,2015,273,270,271.7
4656,Güttingen,2015,297,293,295.3
4821,Hüttwilen,2015,283,281,282.3
4426,Kesswil,2015,284,282,283.2
4501,Kradolf-Schönenberg,2015,300,301,300.3
4683,Lengwil,2015,287,281,284.8
4591,Matzingen,2015,307,303,305.1
4691,Münsterlingen,2015,252,258,254.9
4841,Pfyn,2015,312,313,312.3
4846,Raperswilen,2015,317,322,318.1
4441,Salmsach,2015,311,309,309.9
4546,Schlatt,2015,288,283,286.8
4756,Schönholzerswilen,2015,309,309,309.0
4761,Sirnach,2015,288,285,286.0
4864,Steckborn,2015,295,292,293.5
4451,Uttwil,2015,267,273,269.4
4781,Wängi,2015,284,281,282.4
4621,Warth-Weiningen,2015,256,250,253.7
4786,Wilen,2015,286,287,286.6
4511,Zihlschlacht-Sitterdorf,2015,290,288,289.1
4551,Aadorf,2014,290,289,289.5
4711,Affeltrangen,2014,295,294,294.5
4641,Altnau,2014,296,290,293.6
4461,Amriswil,2014,302,303,302.5
4536,Basadingen-Schlattingen,2014,295,285,291.4
4716,Bettwiesen,2014,284,284,284.0
4643,Bottighofen,2014,232,236,233.6
4411,Egnach,2014,294,296,294.8
4476,Erlen,2014,304,297,301.1
4806,Eschenz,2014,276,281,278.3
4656,Güttingen,2014,304,300,302.3
4486,Hauptwil-Gottshaus,2014,304,300,301.7
4416,Hefenhofen,2014,305,309,306.8
4821,Hüttwilen,2014,283,283,283.0
4666,Kemmental,2014,297,292,295.4
4426,Kesswil,2014,284,282,283.2
4683,Lengwil,2014,287,281,284.8
4591,Matzingen,2014,307,303,305.1
4506,Sulgen,2014,293,292,292.5
4611,Thundorf,2014,306,292,302.3
4451,Uttwil,2014,267,273,269.4
4621,Warth-Weiningen,2014,258,252,255.7
4946,Weinfelden,2014,282,285,283.2
4951,Wigoltingen,2014,307,307,307.0
4401,Arbon,2014,318,319,318.5
4901,Birwinken,2014,322,316,320.4
4471,Bischofszell,2014,308,304,305.8
4921,Bussnang,2014,271,277,273.1
4726,Fischingen,2014,314,312,312.7
4566,Frauenfeld,2014,279,279,279.0
4571,Gachnang,2014,270,272,270.6
4651,Gottlieben,2014,277,274,275.7
4495,Hohentannen,2014,312,311,311.6
4421,Horn,2014,257,257,257.0
4681,Langrickenbach,2014,303,297,301.2
4741,Lommis,2014,295,298,296.5
4831,Müllheim,2014,297,297,297.0
4746,Münchwilen,2014,293,289,290.7
4841,Pfyn,2014,314,315,314.3
4846,Raperswilen,2014,317,322,318.1
4431,Roggwil,2014,289,290,289.4
4441,Salmsach,2014,311,309,309.9
4546,Schlatt,2014,291,286,289.8
4761,Sirnach,2014,282,279,280.0
4864,Steckborn,2014,294,294,294.0
4696,Tägerwilen,2014,274,271,272.7
4701,Wäldi,2014,304,297,302.0
4781,Wängi,2014,284,281,282.4
4786,Wilen,2014,286,287,286.6
4791,Wuppenau,2014,310,309,309.3
4881,Amlikon-Bissegg,2014,305,311,307.0
4891,Berg,2014,293,296,294.0
4801,Berlingen,2014,287,284,286.0
4721,Bichelsee-Balterswil,2014,286,287,286.5
4723,Braunau,2014,295,289,292.3
4911,Bürglen,2014,312,310,311.2
4545,Diessenhofen,2014,283,285,283.9
4406,Dozwil,2014,281,284,282.1
4646,Ermatingen,2014,244,244,244.0
4724,Eschlikon,2014,289,285,287.0
4561,Felben-Wellhausen,2014,293,291,292.2
4811,Herdern,2014,298,298,298.0
4816,Homburg,2014,302,311,306.0
4590,Hüttlingen,2014,304,299,302.8
4501,Kradolf-Schönenberg,2014,302,301,301.6
4671,Kreuzlingen,2014,280,282,281.1
4826,Mammern,2014,277,273,275.1
4941,Märstetten,2014,302,299,300.9
4691,Münsterlingen,2014,254,258,255.9
4601,Neunforn,2014,257,249,255.6
4751,Rickenbach,2014,278,279,278.7
4436,Romanshorn,2014,305,303,303.9
4851,Salenstein,2014,243,243,243.0
4756,Schönholzerswilen,2014,302,302,302.0
4446,Sommeri,2014,298,302,300.3
4606,Stettfurt,2014,294,291,292.9
4776,Tobel-Tägerschen,2014,294,293,293.4
4616,Uesslingen-Buch,2014,306,294,302.2
4871,Wagenhausen,2014,290,295,291.2
4511,Zihlschlacht-Sitterdorf,2014,293,291,292.1
4641,Altnau,2013,299,293,296.6
4881,Amlikon-Bissegg,2013,307,310,308.0
4461,Amriswil,2013,302,303,302.5
4536,Basadingen-Schlattingen,2013,297,287,293.4
4921,Bussnang,2013,271,274,272.0
4545,Diessenhofen,2013,285,287,285.8
4411,Egnach,2013,294,296,294.7
4724,Eschlikon,2013,291,287,289.0
4561,Felben-Wellhausen,2013,293,291,292.2
4486,Hauptwil-Gottshaus,2013,307,304,305.3
4811,Herdern,2013,300,300,300.0
4426,Kesswil,2013,282,282,282.0
4681,Langrickenbach,2013,306,300,304.1
4741,Lommis,2013,295,298,296.5
4826,Mammern,2013,279,275,277.1
4591,Matzingen,2013,303,299,301.4
4846,Raperswilen,2013,317,322,317.9
4751,Rickenbach,2013,278,279,278.6
4431,Roggwil,2013,289,290,289.4
4441,Salmsach,2013,316,316,316.0
4756,Schönholzerswilen,2013,302,302,302.0
4761,Sirnach,2013,280,277,278.1
4864,Steckborn,2013,299,301,300.0
4606,Stettfurt,2013,294,291,292.9
4506,Sulgen,2013,293,292,292.5
4616,Uesslingen-Buch,2013,306,294,301.8
4451,Uttwil,2013,269,275,271.4
4871,Wagenhausen,2013,290,295,291.2
4701,Wäldi,2013,304,297,302.5
4781,Wängi,2013,284,281,282.4
4621,Warth-Weiningen,2013,258,252,255.8
4786,Wilen,2013,286,287,286.7
4891,Berg,2013,293,296,293.9
4721,Bichelsee-Balterswil,2013,286,287,286.5
4901,Birwinken,2013,322,316,320.4
4471,Bischofszell,2013,308,305,306.3
4646,Ermatingen,2013,244,244,244.0
4726,Fischingen,2013,316,314,314.7
4566,Frauenfeld,2013,279,279,279.0
4571,Gachnang,2013,270,272,270.6
4651,Gottlieben,2013,277,274,275.9
4416,Hefenhofen,2013,305,309,306.7
4590,Hüttlingen,2013,306,299,304.3
4666,Kemmental,2013,297,292,295.6
4671,Kreuzlingen,2013,280,282,281.0
4683,Lengwil,2013,287,281,284.9
4941,Märstetten,2013,306,303,305.0
4746,Münchwilen,2013,293,289,290.8
4611,Thundorf,2013,306,292,302.5
4951,Wigoltingen,2013,309,307,308.4
4791,Wuppenau,2013,312,311,311.3
4511,Zihlschlacht-Sitterdorf,2013,293,291,292.1
4551,Aadorf,2013,290,289,289.4
4711,Affeltrangen,2013,295,294,294.5
4401,Arbon,2013,318,319,318.5
4801,Berlingen,2013,289,288,288.6
4716,Bettwiesen,2013,287,287,287.0
4643,Bottighofen,2013,232,236,233.5
4723,Braunau,2013,295,289,292.3
4911,Bürglen,2013,314,312,313.1
4406,Dozwil,2013,279,282,280.1
4476,Erlen,2013,304,297,301.3
4806,Eschenz,2013,284,289,286.2
4656,Güttingen,2013,307,305,306.1
4495,Hohentannen,2013,312,311,311.6
4816,Homburg,2013,311,316,313.3
4421,Horn,2013,257,257,257.0
4821,Hüttwilen,2013,279,279,279.0
4501,Kradolf-Schönenberg,2013,302,301,301.6
4831,Müllheim,2013,298,297,297.6
4691,Münsterlingen,2013,255,259,256.8
4601,Neunforn,2013,260,251,258.7
4841,Pfyn,2013,314,315,314.3
4436,Romanshorn,2013,306,306,306.0
4851,Salenstein,2013,243,243,243.0
4546,Schlatt,2013,293,288,291.9
4446,Sommeri,2013,300,304,302.5
4696,Tägerwilen,2013,274,271,272.9
4776,Tobel-Tägerschen,2013,294,293,293.4
4946,Weinfelden,2013,282,285,283.2
4551,Aadorf,2012,288,287,287.4
4536,Basadingen-Schlattingen,2012,297,287,293.4
4801,Berlingen,2012,289,291,289.6
4471,Bischofszell,2012,308,305,306.3
4643,Bottighofen,2012,232,234,232.7
4723,Braunau,2012,298,292,295.3
4806,Eschenz,2012,286,291,288.2
4651,Gottlieben,2012,274,271,272.9
4486,Hauptwil-Gottshaus,2012,307,304,305.3
4666,Kemmental,2012,297,292,295.6
4671,Kreuzlingen,2012,280,282,281.0
4681,Langrickenbach,2012,306,300,304.1
4941,Märstetten,2012,310,307,309.0
4591,Matzingen,2012,303,299,301.4
4831,Müllheim,2012,305,304,304.6
4746,Münchwilen,2012,293,289,290.8
4691,Münsterlingen,2012,255,257,255.9
4846,Raperswilen,2012,317,322,317.9
4431,Roggwil,2012,289,287,288.1
4864,Steckborn,2012,302,307,304.5
4506,Sulgen,2012,294,291,292.7
4696,Tägerwilen,2012,276,273,274.9
4616,Uesslingen-Buch,2012,306,294,301.8
4871,Wagenhausen,2012,294,299,295.2
4511,Zihlschlacht-Sitterdorf,2012,293,291,292.1
4641,Altnau,2012,299,293,296.6
4881,Amlikon-Bissegg,2012,307,310,308.0
4721,Bichelsee-Balterswil,2012,286,287,286.5
4911,Bürglen,2012,309,310,309.4
4921,Bussnang,2012,271,274,272.0
4406,Dozwil,2012,283,284,283.3
4411,Egnach,2012,297,299,297.7
4476,Erlen,2012,304,295,300.5
4724,Eschlikon,2012,291,287,289.0
4566,Frauenfeld,2012,279,279,279.0
4571,Gachnang,2012,270,272,270.6
4816,Homburg,2012,306,315,310.2
4590,Hüttlingen,2012,306,299,304.3
4821,Hüttwilen,2012,279,279,279.0
4426,Kesswil,2012,286,284,285.2
4683,Lengwil,2012,290,284,287.9
4441,Salmsach,2012,316,316,316.0
4546,Schlatt,2012,295,292,294.3
4756,Schönholzerswilen,2012,302,302,302.0
4611,Thundorf,2012,308,292,304.0
4776,Tobel-Tägerschen,2012,294,293,293.4
4946,Weinfelden,2012,282,285,283.2
4951,Wigoltingen,2012,309,307,308.4
4791,Wuppenau,2012,314,313,313.3
4711,Affeltrangen,2012,295,294,294.5
4461,Amriswil,2012,302,305,303.5
4401,Arbon,2012,318,316,316.9
4891,Berg,2012,293,296,293.9
4716,Bettwiesen,2012,287,287,287.0
4901,Birwinken,2012,322,316,320.4
4545,Diessenhofen,2012,285,287,285.8
4646,Ermatingen,2012,244,244,244.0
4561,Felben-Wellhausen,2012,293,291,292.2
4726,Fischingen,2012,316,314,314.7
4656,Güttingen,2012,303,303,303.0
4416,Hefenhofen,2012,305,309,306.7
4811,Herdern,2012,300,300,300.0
4495,Hohentannen,2012,317,314,315.9
4421,Horn,2012,259,259,259.0
4501,Kradolf-Schönenberg,2012,303,300,301.8
4741,Lommis,2012,295,298,296.5
4826,Mammern,2012,279,275,277.1
4601,Neunforn,2012,260,251,258.7
4841,Pfyn,2012,316,316,316.0
4751,Rickenbach,2012,278,279,278.6
4436,Romanshorn,2012,306,306,306.0
4851,Salenstein,2012,243,243,243.0
4761,Sirnach,2012,282,279,280.1
4446,Sommeri,2012,300,304,302.5
4606,Stettfurt,2012,294,291,292.9
4451,Uttwil,2012,275,281,277.4
4701,Wäldi,2012,304,297,302.5
4781,Wängi,2012,284,281,282.4
4621,Warth-Weiningen,2012,258,252,255.8
4786,Wilen,2012,286,287,286.7
4881,Amlikon-Bissegg,2011,305,311,307.0
4401,Arbon,2011,318,316,316.9
4891,Berg,2011,291,296,292.6
4801,Berlingen,2011,289,291,289.6
4716,Bettwiesen,2011,290,291,290.7
4471,Bischofszell,2011,310,308,308.9
4723,Braunau,2011,301,295,298.3
4406,Dozwil,2011,287,288,287.3
4411,Egnach,2011,297,299,297.7
4476,Erlen,2011,308,299,304.5
4646,Ermatingen,2011,252,252,252.0
4651,Gottlieben,2011,274,271,272.9
4656,Güttingen,2011,305,305,305.0
4666,Kemmental,2011,297,292,295.6
4591,Matzingen,2011,303,299,301.4
4831,Müllheim,2011,308,307,307.6
4746,Münchwilen,2011,294,291,292.3
4601,Neunforn,2011,263,262,262.8
4841,Pfyn,2011,319,319,319.0
4436,Romanshorn,2011,309,309,309.0
4446,Sommeri,2011,307,309,308.2
4506,Sulgen,2011,295,292,293.7
4776,Tobel-Tägerschen,2011,297,296,296.4
4616,Uesslingen-Buch,2011,309,306,307.9
4871,Wagenhausen,2011,296,301,297.2
4701,Wäldi,2011,307,300,305.5
4781,Wängi,2011,289,286,287.4
4621,Warth-Weiningen,2011,259,259,259.0
4951,Wigoltingen,2011,312,310,311.4
4791,Wuppenau,2011,315,314,314.3
4641,Altnau,2011,303,295,299.8
4721,Bichelsee-Balterswil,2011,289,290,289.5
4643,Bottighofen,2011,222,224,222.7
4911,Bürglen,2011,309,310,309.4
4545,Diessenhofen,2011,287,289,287.8
4726,Fischingen,2011,321,319,319.7
4566,Frauenfeld,2011,282,282,282.0
4416,Hefenhofen,2011,312,314,312.8
4811,Herdern,2011,304,318,311.0
4816,Homburg,2011,311,320,315.2
4421,Horn,2011,263,263,263.0
4821,Hüttwilen,2011,280,294,284.4
4671,Kreuzlingen,2011,280,282,281.0
4826,Mammern,2011,279,275,277.1
4941,Märstetten,2011,310,307,309.0
4691,Münsterlingen,2011,260,262,260.9
4846,Raperswilen,2011,318,325,319.3
4431,Roggwil,2011,293,291,292.1
4851,Salenstein,2011,246,246,246.0
4441,Salmsach,2011,322,322,322.0
4546,Schlatt,2011,300,298,299.5
4761,Sirnach,2011,285,283,283.7
4864,Steckborn,2011,302,307,304.5
4611,Thundorf,2011,308,292,304.0
4946,Weinfelden,2011,283,285,283.8
4551,Aadorf,2011,288,287,287.4
4711,Affeltrangen,2011,293,292,292.5
4461,Amriswil,2011,306,307,306.5
4536,Basadingen-Schlattingen,2011,299,289,295.4
4901,Birwinken,2011,325,319,323.4
4921,Bussnang,2011,271,277,273.1
4806,Eschenz,2011,291,296,293.2
4724,Eschlikon,2011,291,288,289.5
4561,Felben-Wellhausen,2011,293,291,292.2
4571,Gachnang,2011,274,275,274.3
4486,Hauptwil-Gottshaus,2011,307,305,305.9
4495,Hohentannen,2011,307,305,306.2
4590,Hüttlingen,2011,306,299,304.3
4426,Kesswil,2011,287,285,286.2
4501,Kradolf-Schönenberg,2011,305,302,303.8
4681,Langrickenbach,2011,310,302,307.5
4683,Lengwil,2011,290,284,287.9
4741,Lommis,2011,295,298,296.5
4751,Rickenbach,2011,278,277,277.3
4756,Schönholzerswilen,2011,312,312,312.0
4606,Stettfurt,2011,294,291,292.9
4696,Tägerwilen,2011,276,273,274.9
4451,Uttwil,2011,278,284,280.4
4786,Wilen,2011,289,290,289.7
4511,Zihlschlacht-Sitterdorf,2011,293,291,292.1
4641,Altnau,2010,303,295,299.8
4881,Amlikon-Bissegg,2010,315,321,317.0
4536,Basadingen-Schlattingen,2010,299,289,295.4
4801,Berlingen,2010,297,299,297.6
4471,Bischofszell,2010,323,321,321.9
4723,Braunau,2010,307,301,304.3
4724,Eschlikon,2010,293,290,291.5
4726,Fischingen,2010,321,319,319.7
4566,Frauenfeld,2010,285,285,285.0
4416,Hefenhofen,2010,315,319,316.7
4811,Herdern,2010,294,308,301.0
4816,Homburg,2010,321,332,326.2
4821,Hüttwilen,2010,284,298,288.4
4426,Kesswil,2010,292,290,291.2
4501,Kradolf-Schönenberg,2010,307,302,305.0
4591,Matzingen,2010,309,306,307.8
4841,Pfyn,2010,320,320,320.0
4751,Rickenbach,2010,282,281,281.3
4756,Schönholzerswilen,2010,314,312,313.2
4761,Sirnach,2010,289,287,287.7
4864,Steckborn,2010,304,311,307.5
4696,Tägerwilen,2010,281,278,279.9
4701,Wäldi,2010,309,302,307.5
4781,Wängi,2010,292,290,290.9
4951,Wigoltingen,2010,317,315,316.4
4551,Aadorf,2010,288,288,288.0
4711,Affeltrangen,2010,298,297,297.5
4461,Amriswil,2010,311,315,313.0
4401,Arbon,2010,318,316,316.9
4891,Berg,2010,291,296,292.6
4716,Bettwiesen,2010,295,298,297.1
4721,Bichelsee-Balterswil,2010,289,288,288.4
4901,Birwinken,2010,335,329,333.4
4476,Erlen,2010,319,310,315.5
4646,Ermatingen,2010,252,253,252.3
4571,Gachnang,2010,279,280,279.3
4651,Gottlieben,2010,277,274,275.9
4495,Hohentannen,2010,327,325,326.2
4421,Horn,2010,269,269,269.0
4590,Hüttlingen,2010,306,299,304.3
4671,Kreuzlingen,2010,280,282,281.0
4681,Langrickenbach,2010,310,302,307.5
4683,Lengwil,2010,290,284,287.9
4826,Mammern,2010,283,281,282.0
4941,Märstetten,2010,312,309,311.0
4431,Roggwil,2010,295,293,294.1
4546,Schlatt,2010,300,299,299.7
4446,Sommeri,2010,310,314,312.5
4606,Stettfurt,2010,296,294,295.2
4506,Sulgen,2010,300,295,297.8
4611,Thundorf,2010,309,293,305.0
4871,Wagenhausen,2010,288,293,289.2
4786,Wilen,2010,299,300,299.7
4643,Bottighofen,2010,222,224,222.7
4911,Bürglen,2010,314,315,314.4
4921,Bussnang,2010,278,284,280.1
4545,Diessenhofen,2010,289,291,289.8
4406,Dozwil,2010,299,302,300.1
4411,Egnach,2010,302,304,302.7
4806,Eschenz,2010,296,301,298.2
4561,Felben-Wellhausen,2010,298,296,297.2
4656,Güttingen,2010,305,305,305.0
4486,Hauptwil-Gottshaus,2010,320,318,318.9
4666,Kemmental,2010,302,297,300.6
4741,Lommis,2010,301,304,302.5
4831,Müllheim,2010,308,307,307.6
4746,Münchwilen,2010,294,291,292.3
4691,Münsterlingen,2010,257,259,257.9
4601,Neunforn,2010,263,262,262.8
4846,Raperswilen,2010,320,327,321.3
4436,Romanshorn,2010,312,312,312.0
4851,Salenstein,2010,252,253,252.3
4441,Salmsach,2010,333,333,333.0
4776,Tobel-Tägerschen,2010,302,301,301.4
4616,Uesslingen-Buch,2010,309,306,307.9
4451,Uttwil,2010,282,288,284.4
4621,Warth-Weiningen,2010,263,261,262.2
4946,Weinfelden,2010,287,289,287.8
4791,Wuppenau,2010,319,316,317.0
4511,Zihlschlacht-Sitterdorf,2010,303,301,302.1
4536,Basadingen-Schlattingen,2009,309,299,305.4
4723,Braunau,2009,320,316,318.2
4911,Bürglen,2009,327,328,327.4
4406,Dozwil,2009,315,320,316.9
4646,Ermatingen,2009,277,278,277.3
4571,Gachnang,2009,293,292,292.6
4811,Herdern,2009,306,320,313.0
4816,Homburg,2009,331,342,336.2
4590,Hüttlingen,2009,316,311,314.8
4821,Hüttwilen,2009,297,311,301.4
4826,Mammern,2009,293,293,293.0
4831,Müllheim,2009,321,322,321.3
4746,Münchwilen,2009,304,301,302.3
4601,Neunforn,2009,277,276,276.8
4846,Raperswilen,2009,332,337,332.9
4851,Salenstein,2009,267,268,267.3
4546,Schlatt,2009,310,309,309.7
4864,Steckborn,2009,320,329,324.5
4506,Sulgen,2009,316,311,313.8
4696,Tägerwilen,2009,291,288,289.9
4451,Uttwil,2009,301,305,302.6
4871,Wagenhausen,2009,298,305,299.6
4621,Warth-Weiningen,2009,275,275,275.0
4946,Weinfelden,2009,304,308,305.6
4951,Wigoltingen,2009,327,327,327.0
4791,Wuppenau,2009,333,330,331.0
4641,Altnau,2009,317,309,313.8
4881,Amlikon-Bissegg,2009,329,338,332.1
4461,Amriswil,2009,328,330,329.0
4716,Bettwiesen,2009,310,313,312.1
4721,Bichelsee-Balterswil,2009,299,298,298.4
4901,Birwinken,2009,347,341,345.4
4471,Bischofszell,2009,335,333,333.9
4643,Bottighofen,2009,232,234,232.7
4476,Erlen,2009,333,324,329.5
4724,Eschlikon,2009,305,302,303.5
4561,Felben-Wellhausen,2009,308,306,307.2
4566,Frauenfeld,2009,293,295,293.9
4651,Gottlieben,2009,287,284,285.9
4486,Hauptwil-Gottshaus,2009,339,337,337.9
4416,Hefenhofen,2009,327,331,328.7
4421,Horn,2009,279,279,279.0
4683,Lengwil,2009,308,302,305.9
4741,Lommis,2009,321,324,322.5
4941,Märstetten,2009,326,323,325.0
4691,Münsterlingen,2009,270,272,270.9
4841,Pfyn,2009,330,330,330.0
4751,Rickenbach,2009,291,293,292.3
4786,Wilen,2009,310,314,312.8
4551,Aadorf,2009,301,301,301.0
4711,Affeltrangen,2009,313,314,313.4
4401,Arbon,2009,328,326,326.9
4891,Berg,2009,304,309,305.6
4801,Berlingen,2009,319,323,320.3
4921,Bussnang,2009,294,303,297.2
4545,Diessenhofen,2009,299,301,299.8
4411,Egnach,2009,314,316,314.7
4806,Eschenz,2009,306,313,309.1
4726,Fischingen,2009,336,334,334.7
4656,Güttingen,2009,315,315,315.0
4495,Hohentannen,2009,344,339,342.2
4666,Kemmental,2009,319,314,317.6
4426,Kesswil,2009,304,302,303.2
4501,Kradolf-Schönenberg,2009,318,313,316.0
4671,Kreuzlingen,2009,290,292,291.0
4681,Langrickenbach,2009,325,317,322.5
4591,Matzingen,2009,323,320,321.8
4431,Roggwil,2009,307,305,306.1
4436,Romanshorn,2009,323,323,323.0
4441,Salmsach,2009,344,344,344.0
4756,Schönholzerswilen,2009,324,322,323.2
4761,Sirnach,2009,301,297,298.4
4446,Sommeri,2009,327,331,329.5
4606,Stettfurt,2009,306,304,305.2
4611,Thundorf,2009,319,303,315.0
4776,Tobel-Tägerschen,2009,315,316,315.5
4616,Uesslingen-Buch,2009,319,314,317.2
4701,Wäldi,2009,324,319,322.9
4781,Wängi,2009,302,300,300.9
4511,Zihlschlacht-Sitterdorf,2009,315,313,314.1
4711,Affeltrangen,2008,316,317,316.4
4461,Amriswil,2008,328,330,329.0
4716,Bettwiesen,2008,313,317,315.8
4901,Birwinken,2008,352,346,350.4
4723,Braunau,2008,329,325,327.2
4911,Bürglen,2008,327,328,327.4
4411,Egnach,2008,317,321,318.4
4476,Erlen,2008,339,330,335.5
4724,Eschlikon,2008,307,306,306.5
4571,Gachnang,2008,293,292,292.6
4656,Güttingen,2008,315,317,315.8
4486,Hauptwil-Gottshaus,2008,342,340,340.9
4416,Hefenhofen,2008,327,332,329.1
4811,Herdern,2008,308,321,314.5
4495,Hohentannen,2008,345,340,343.2
4421,Horn,2008,279,279,279.0
4590,Hüttlingen,2008,319,314,317.8
4426,Kesswil,2008,312,312,312.0
4681,Langrickenbach,2008,320,321,320.3
4683,Lengwil,2008,311,305,308.9
4741,Lommis,2008,321,325,323.0
4941,Märstetten,2008,326,323,325.0
4746,Münchwilen,2008,306,305,305.4
4431,Roggwil,2008,307,307,307.0
4546,Schlatt,2008,312,311,311.7
4761,Sirnach,2008,303,301,301.7
4446,Sommeri,2008,329,334,332.1
4506,Sulgen,2008,316,311,313.8
4696,Tägerwilen,2008,297,292,295.1
4611,Thundorf,2008,329,313,325.0
4616,Uesslingen-Buch,2008,322,317,320.2
4946,Weinfelden,2008,304,308,305.6
4786,Wilen,2008,310,314,312.8
4511,Zihlschlacht-Sitterdorf,2008,330,330,330.0
4551,Aadorf,2008,301,301,301.0
4401,Arbon,2008,330,330,330.0
4536,Basadingen-Schlattingen,2008,317,307,313.4
4801,Berlingen,2008,324,330,325.9
4721,Bichelsee-Balterswil,2008,301,300,300.4
4471,Bischofszell,2008,335,333,333.9
4545,Diessenhofen,2008,299,301,299.8
4646,Ermatingen,2008,277,280,278.0
4561,Felben-Wellhausen,2008,308,306,307.2
4726,Fischingen,2008,336,338,337.2
4591,Matzingen,2008,323,320,321.8
4691,Münsterlingen,2008,282,285,283.3
4841,Pfyn,2008,335,335,335.0
4846,Raperswilen,2008,332,338,333.1
4436,Romanshorn,2008,323,323,323.0
4606,Stettfurt,2008,306,304,305.2
4776,Tobel-Tägerschen,2008,318,319,318.5
4451,Uttwil,2008,301,305,302.6
4781,Wängi,2008,303,300,301.4
4951,Wigoltingen,2008,327,327,327.0
4791,Wuppenau,2008,339,338,338.3
4641,Altnau,2008,314,315,314.3
4881,Amlikon-Bissegg,2008,333,342,336.1
4891,Berg,2008,304,309,305.6
4643,Bottighofen,2008,232,235,233.1
4921,Bussnang,2008,300,309,303.2
4406,Dozwil,2008,321,327,323.3
4806,Eschenz,2008,306,313,309.1
4566,Frauenfeld,2008,293,295,293.9
4651,Gottlieben,2008,289,284,287.2
4816,Homburg,2008,331,343,336.6
4821,Hüttwilen,2008,299,311,302.8
4666,Kemmental,2008,322,319,321.1
4501,Kradolf-Schönenberg,2008,318,313,316.0
4671,Kreuzlingen,2008,290,292,291.0
4826,Mammern,2008,293,293,293.0
4831,Müllheim,2008,325,326,325.3
4601,Neunforn,2008,280,276,279.4
4751,Rickenbach,2008,287,289,288.3
4851,Salenstein,2008,267,270,268.0
4441,Salmsach,2008,344,344,344.0
4756,Schönholzerswilen,2008,324,323,323.6
4864,Steckborn,2008,320,331,325.5
4871,Wagenhausen,2008,298,305,299.5
4701,Wäldi,2008,329,324,327.9
4621,Warth-Weiningen,2008,277,279,277.7
4711,Affeltrangen,2007,326,327,326.4
4881,Amlikon-Bissegg,2007,356,357,356.3
4471,Bischofszell,2007,340,338,339.9
4723,Braunau,2007,338,334,336.2
4411,Egnach,2007,327,331,328.4
4724,Eschlikon,2007,314,313,313.5
4571,Gachnang,2007,303,302,302.6
4416,Hefenhofen,2007,339,346,342.0
4495,Hohentannen,2007,352,345,349.5
4821,Hüttwilen,2007,311,323,314.8
4426,Kesswil,2007,318,321,319.0
4681,Langrickenbach,2007,340,343,340.9
4941,Märstetten,2007,333,330,332.0
4746,Münchwilen,2007,311,310,310.4
4691,Münsterlingen,2007,295,300,297.3
4851,Salenstein,2007,282,283,282.3
4546,Schlatt,2007,322,321,321.7
4761,Sirnach,2007,309,307,307.7
4864,Steckborn,2007,330,341,335.5
4606,Stettfurt,2007,318,317,317.6
4696,Tägerwilen,2007,307,302,305.1
4451,Uttwil,2007,312,316,313.6
4946,Weinfelden,2007,316,320,317.6
4551,Aadorf,2007,318,318,318.0
4641,Altnau,2007,326,329,327.1
4401,Arbon,2007,337,337,337.0
4536,Basadingen-Schlattingen,2007,332,324,329.1
4891,Berg,2007,310,314,311.3
4716,Bettwiesen,2007,326,332,330.2
4721,Bichelsee-Balterswil,2007,314,313,313.4
4901,Birwinken,2007,357,351,355.4
4643,Bottighofen,2007,237,242,238.9
4406,Dozwil,2007,337,345,340.0
4476,Erlen,2007,340,335,338.0
4806,Eschenz,2007,311,320,315.1
4726,Fischingen,2007,346,348,347.2
4651,Gottlieben,2007,304,299,302.2
4656,Güttingen,2007,332,335,333.2
4421,Horn,2007,284,284,284.0
4590,Hüttlingen,2007,324,319,322.8
4501,Kradolf-Schönenberg,2007,330,323,327.2
4671,Kreuzlingen,2007,296,297,296.5
4683,Lengwil,2007,319,313,316.9
4741,Lommis,2007,329,333,331.0
4826,Mammern,2007,305,303,304.0
4591,Matzingen,2007,328,326,327.2
4841,Pfyn,2007,346,346,346.0
4846,Raperswilen,2007,346,350,346.7
4436,Romanshorn,2007,332,332,332.0
4756,Schönholzerswilen,2007,339,340,339.4
4611,Thundorf,2007,339,323,335.0
4776,Tobel-Tägerschen,2007,328,329,328.5
4871,Wagenhausen,2007,311,320,313.1
4621,Warth-Weiningen,2007,287,287,287.0
4951,Wigoltingen,2007,343,339,341.8
4786,Wilen,2007,319,323,321.8
4791,Wuppenau,2007,354,353,353.3
4461,Amriswil,2007,339,341,340.0
4801,Berlingen,2007,336,342,337.9
4911,Bürglen,2007,332,333,332.4
4921,Bussnang,2007,335,336,335.3
4545,Diessenhofen,2007,306,310,307.6
4646,Ermatingen,2007,289,290,289.3
4561,Felben-Wellhausen,2007,320,316,318.5
4566,Frauenfeld,2007,298,300,298.9
4486,Hauptwil-Gottshaus,2007,350,348,348.9
4811,Herdern,2007,318,333,325.5
4816,Homburg,2007,341,354,347.1
4666,Kemmental,2007,337,334,336.1
4831,Müllheim,2007,342,339,340.8
4601,Neunforn,2007,305,303,304.7
4751,Rickenbach,2007,296,298,297.3
4431,Roggwil,2007,315,315,315.0
4441,Salmsach,2007,350,350,350.0
4446,Sommeri,2007,344,351,348.3
4506,Sulgen,2007,325,318,322.0
4616,Uesslingen-Buch,2007,332,329,330.9
4701,Wäldi,2007,339,334,337.9
4781,Wängi,2007,311,309,309.9
4511,Zihlschlacht-Sitterdorf,2007,342,340,341.1
4881,Amlikon-Bissegg,2006,356,359,357.0
4461,Amriswil,2006,341,343,342.0
4401,Arbon,2006,337,337,337.0
4891,Berg,2006,310,314,311.3
4801,Berlingen,2006,341,347,342.0
4716,Bettwiesen,2006,328,332,330.8
4901,Birwinken,2006,362,356,360.4
4643,Bottighofen,2006,234,239,235.9
4545,Diessenhofen,2006,308,312,309.6
4406,Dozwil,2006,341,348,343.7
4646,Ermatingen,2006,289,290,289.3
4486,Hauptwil-Gottshaus,2006,350,348,349.0
4811,Herdern,2006,320,335,327.5
4666,Kemmental,2006,337,334,336.1
4683,Lengwil,2006,319,313,316.9
4941,Märstetten,2006,333,330,332.0
4746,Münchwilen,2006,311,310,310.4
4601,Neunforn,2006,313,314,313.1
4756,Schönholzerswilen,2006,338,338,338.0
4761,Sirnach,2006,310,308,308.7
4946,Weinfelden,2006,316,320,317.6
4951,Wigoltingen,2006,343,339,341.8
4711,Affeltrangen,2006,331,332,331.4
4641,Altnau,2006,328,331,329.1
4721,Bichelsee-Balterswil,2006,318,315,316.2
4471,Bischofszell,2006,340,338,338.9
4723,Braunau,2006,344,342,343.1
4921,Bussnang,2006,335,338,336.0
4806,Eschenz,2006,321,330,325.1
4726,Fischingen,2006,348,350,349.2
4656,Güttingen,2006,332,335,333.2
4421,Horn,2006,284,284,284.0
4590,Hüttlingen,2006,324,319,322.8
4821,Hüttwilen,2006,321,333,324.8
4826,Mammern,2006,300,300,300.0
4831,Müllheim,2006,339,336,337.8
4841,Pfyn,2006,346,346,346.0
4846,Raperswilen,2006,356,360,356.7
4431,Roggwil,2006,312,312,312.0
4436,Romanshorn,2006,332,332,332.0
4546,Schlatt,2006,322,325,322.6
4611,Thundorf,2006,344,328,340.0
4776,Tobel-Tägerschen,2006,335,336,335.5
4621,Warth-Weiningen,2006,302,302,302.0
4786,Wilen,2006,321,321,321.0
4791,Wuppenau,2006,353,353,353.0
4551,Aadorf,2006,318,318,318.0
4536,Basadingen-Schlattingen,2006,334,326,331.1
4911,Bürglen,2006,329,333,330.6
4411,Egnach,2006,327,333,329.2
4476,Erlen,2006,335,330,333.0
4724,Eschlikon,2006,316,315,315.5
4561,Felben-Wellhausen,2006,320,316,318.5
4566,Frauenfeld,2006,298,300,289.9
4571,Gachnang,2006,304,302,303.3
4651,Gottlieben,2006,304,299,302.2
4416,Hefenhofen,2006,339,345,341.5
4495,Hohentannen,2006,352,345,349.5
4816,Homburg,2006,341,354,347.1
4426,Kesswil,2006,318,321,319.0
4501,Kradolf-Schönenberg,2006,333,326,330.2
4671,Kreuzlingen,2006,293,294,293.5
4681,Langrickenbach,2006,340,343,340.9
4741,Lommis,2006,334,338,336.0
4591,Matzingen,2006,336,334,335.2
4691,Münsterlingen,2006,297,302,299.3
4751,Rickenbach,2006,298,300,299.3
4851,Salenstein,2006,282,283,282.3
4441,Salmsach,2006,350,350,350.0
4446,Sommeri,2006,344,350,347.7
4864,Steckborn,2006,330,341,335.5
4606,Stettfurt,2006,318,317,317.6
4506,Sulgen,2006,327,320,324.0
4696,Tägerwilen,2006,309,304,307.1
4616,Uesslingen-Buch,2006,337,337,337.0
4451,Uttwil,2006,321,325,322.6
4871,Wagenhausen,2006,314,323,316.1
4701,Wäldi,2006,344,339,342.9
4781,Wängi,2006,316,314,314.9
4511,Zihlschlacht-Sitterdorf,2006,342,340,341.1
4641,Altnau,2005,332,337,333.9
4901,Birwinken,2005,359,353,357.4
4471,Bischofszell,2005,340,338,338.9
4911,Bürglen,2005,329,333,330.6
4411,Egnach,2005,327,333,329.2
4646,Ermatingen,2005,290,293,291.0
4806,Eschenz,2005,321,330,325.1
4724,Eschlikon,2005,328,325,326.5
4816,Homburg,2005,341,354,347.1
4421,Horn,2005,283,284,283.5
4821,Hüttwilen,2005,322,334,325.8
4741,Lommis,2005,337,341,339.0
4746,Münchwilen,2005,313,310,311.3
4601,Neunforn,2005,318,319,318.1
4841,Pfyn,2005,344,346,344.7
4751,Rickenbach,2005,304,306,305.3
4431,Roggwil,2005,312,312,312.0
4611,Thundorf,2005,344,328,340.0
4451,Uttwil,2005,324,328,325.6
4701,Wäldi,2005,344,339,342.9
4946,Weinfelden,2005,310,314,311.6
4951,Wigoltingen,2005,343,339,341.8
4551,Aadorf,2005,318,318,318.0
4711,Affeltrangen,2005,331,332,331.4
4881,Amlikon-Bissegg,2005,356,359,357.0
4461,Amriswil,2005,341,343,342.0
4891,Berg,2005,305,309,306.3
4716,Bettwiesen,2005,330,334,332.8
4721,Bichelsee-Balterswil,2005,318,315,316.2
4921,Bussnang,2005,338,341,339.0
4406,Dozwil,2005,344,350,346.3
4476,Erlen,2005,335,330,333.0
4486,Hauptwil-Gottshaus,2005,365,363,364.0
4495,Hohentannen,2005,358,353,356.2
4590,Hüttlingen,2005,324,319,322.8
4426,Kesswil,2005,322,325,323.0
4501,Kradolf-Schönenberg,2005,331,326,329.0
4671,Kreuzlingen,2005,293,294,293.5
4826,Mammern,2005,300,300,300.0
4691,Münsterlingen,2005,299,302,300.3
4846,Raperswilen,2005,344,350,345.1
4851,Salenstein,2005,280,283,281.0
4441,Salmsach,2005,346,348,346.9
4761,Sirnach,2005,313,311,311.7
4446,Sommeri,2005,344,349,347.1
4864,Steckborn,2005,330,341,335.5
4606,Stettfurt,2005,320,319,319.6
4506,Sulgen,2005,325,320,322.8
4616,Uesslingen-Buch,2005,339,339,339.0
4786,Wilen,2005,325,325,325.0
4511,Zihlschlacht-Sitterdorf,2005,342,340,341.1
4401,Arbon,2005,337,337,337.0
4536,Basadingen-Schlattingen,2005,339,333,336.8
4801,Berlingen,2005,341,347,342.9
4643,Bottighofen,2005,234,237,235.1
4723,Braunau,2005,348,346,347.1
4545,Diessenhofen,2005,309,313,310.6
4561,Felben-Wellhausen,2005,323,319,321.5
4726,Fischingen,2005,351,351,351.0
4566,Frauenfeld,2005,298,300,298.9
4571,Gachnang,2005,308,308,308.0
4651,Gottlieben,2005,304,299,302.2
4656,Güttingen,2005,332,335,333.2
4416,Hefenhofen,2005,342,347,344.1
4811,Herdern,2005,322,337,329.5
4666,Kemmental,2005,337,334,336.1
4681,Langrickenbach,2005,340,345,341.5
4683,Lengwil,2005,315,313,314.3
4941,Märstetten,2005,323,322,322.6
4591,Matzingen,2005,336,334,335.2
4831,Müllheim,2005,344,339,342.0
4436,Romanshorn,2005,328,330,328.9
4546,Schlatt,2005,326,329,326.6
4756,Schönholzerswilen,2005,338,338,338.0
4696,Tägerwilen,2005,311,306,309.1
4776,Tobel-Tägerschen,2005,335,336,335.5
4871,Wagenhausen,2005,316,325,318.1
4781,Wängi,2005,318,316,316.9
4621,Warth-Weiningen,2005,305,305,305.0
4791,Wuppenau,2005,350,350,350.0
4881,Amlikon-Bissegg,2004,358,359,358.3
4536,Basadingen-Schlattingen,2004,341,335,338.8
4801,Berlingen,2004,346,349,346.9
4716,Bettwiesen,2004,327,331,329.8
4471,Bischofszell,2004,340,338,338.9
4643,Bottighofen,2004,230,233,231.1
4646,Ermatingen,2004,290,290,290.0
4561,Felben-Wellhausen,2004,323,319,321.5
4726,Fischingen,2004,356,356,356.0
4811,Herdern,2004,325,337,331.0
4666,Kemmental,2004,340,337,339.1
4741,Lommis,2004,340,344,342.0
4826,Mammern,2004,302,300,301.0
4591,Matzingen,2004,338,336,337.2
4746,Münchwilen,2004,313,310,311.3
4601,Neunforn,2004,318,320,318.2
4846,Raperswilen,2004,354,360,355.1
4751,Rickenbach,2004,306,308,307.3
4436,Romanshorn,2004,330,332,330.9
4851,Salenstein,2004,280,280,280.0
4546,Schlatt,2004,326,329,326.6
4756,Schönholzerswilen,2004,348,348,348.0
4606,Stettfurt,2004,325,322,323.9
4506,Sulgen,2004,325,320,322.8
4776,Tobel-Tägerschen,2004,338,339,338.5
4616,Uesslingen-Buch,2004,339,340,339.3
4451,Uttwil,2004,317,321,318.6
4621,Warth-Weiningen,2004,305,305,305.0
4946,Weinfelden,2004,310,314,311.6
4791,Wuppenau,2004,350,350,350.0
4511,Zihlschlacht-Sitterdorf,2004,350,348,349.1
4551,Aadorf,2004,333,335,333.9
4641,Altnau,2004,335,340,336.9
4891,Berg,2004,305,309,306.3
4723,Braunau,2004,351,349,350.1
4921,Bussnang,2004,350,351,350.3
4724,Eschlikon,2004,328,325,326.5
4566,Frauenfeld,2004,299,300,299.4
4651,Gottlieben,2004,271,266,269.2
4486,Hauptwil-Gottshaus,2004,365,363,364.0
4821,Hüttwilen,2004,325,334,327.8
4426,Kesswil,2004,322,325,323.0
4671,Kreuzlingen,2004,293,294,293.5
4681,Langrickenbach,2004,343,348,344.5
4431,Roggwil,2004,312,312,312.0
4761,Sirnach,2004,318,316,316.7
4446,Sommeri,2004,344,349,347.1
4696,Tägerwilen,2004,311,306,309.1
4871,Wagenhausen,2004,319,330,321.6
4701,Wäldi,2004,349,344,347.9
4781,Wängi,2004,318,316,316.9
4951,Wigoltingen,2004,353,349,351.8
4711,Affeltrangen,2004,337,338,337.4
4461,Amriswil,2004,341,343,342.0
4401,Arbon,2004,337,337,337.0
4721,Bichelsee-Balterswil,2004,316,317,316.5
4901,Birwinken,2004,359,353,357.4
4911,Bürglen,2004,329,333,330.6
4545,Diessenhofen,2004,309,313,310.6
4406,Dozwil,2004,346,352,348.3
4411,Egnach,2004,337,343,339.2
4476,Erlen,2004,335,330,333.0
4806,Eschenz,2004,331,342,336.0
4571,Gachnang,2004,308,310,308.6
4656,Güttingen,2004,337,340,338.2
4416,Hefenhofen,2004,348,353,350.1
4495,Hohentannen,2004,360,355,358.2
4816,Homburg,2004,341,354,347.1
4421,Horn,2004,283,284,283.5
4590,Hüttlingen,2004,324,319,322.8
4501,Kradolf-Schönenberg,2004,333,328,331.0
4683,Lengwil,2004,318,313,316.3
4941,Märstetten,2004,323,322,322.6
4831,Müllheim,2004,344,339,342.0
4691,Münsterlingen,2004,299,302,300.3
4841,Pfyn,2004,347,349,347.7
4441,Salmsach,2004,346,348,346.9
4864,Steckborn,2004,332,340,336.0
4611,Thundorf,2004,344,328,340.0
4786,Wilen,2004,327,327,327.0
